type,keyword,category,sub_category
expense,信用卡还款,金融,信用卡还款
expense,信用卡自动还款,金融,信用卡还款
income,招银网络科技,工资,工资
income,思爱普,工资,工资
income,代销理财快赎,理财,基金赎回
income,待清算电子汇差,理财,基金赎回
income,应付利息,理财,利息
income,自动计提,理财,利息
income,GLYNNA,购物,退款
income,看幸服饰,购物,退款
income,朵朵棉,购物,退款
income,艾优儿,购物,退款
income,亚克西,购物,退款
income,中国铁路,出行,退款
income,中铁网络,出行,退款
income,盒马,购物,退款
income,京东,购物,退款
income,拼多多,购物,退款
income,格物致品,购物,退款
income,美团,餐饮,退款
income,嘀嘀,出行,退款
income,高德,出行,退款
income,滴滴,出行,退款
income,中铁,出行,退款
income,铁旅,出行,退款
income,待报解中央与地方共享预算收入,其他,税费退款
income,微信转账,转账,微信转账
income,网银在线,转账,网银转账
income,贝壳找房,其他,其他收入
income,特约商户,其他,其他收入
expense,嘀嘀,出行,网约车
expense,北京嘀嘀,出行,网约车
expense,高德打车,出行,网约车
expense,高德信息技术,出行,网约车
expense,滴滴顺风车,出行,网约车
expense,滴滴出行,出行,网约车
expense,天府通,出行,公共交通
expense,中国铁路,出行,火车
expense,中铁网络,出行,火车
expense,铁旅科技,出行,火车
expense,携程,出行,机票/酒店
expense,酒店,出行,住宿
expense,盒马,餐饮,超市/外卖
expense,舞东风,餐饮,超市/外卖
expense,红旗连锁,餐饮,超市/外卖
expense,乡村基,餐饮,餐厅
expense,吉牛旺,餐饮,餐厅
expense,月嫂家,餐饮,餐厅
expense,格外餐饮,餐饮,餐厅
expense,食在宣,餐饮,餐厅
expense,亚惠餐饮,餐饮,餐厅
expense,兴红得聪餐饮,餐饮,餐厅
expense,锦味臻鲜,餐饮,餐厅
expense,绵羊米粉,餐饮,餐厅
expense,绵阳米粉,餐饮,餐厅
expense,护国寺小吃,餐饮,餐厅
expense,老麻本味,餐饮,餐厅
expense,郑立强内江牛肉面,餐饮,餐厅
expense,一道菜,餐饮,餐厅
expense,幸福小串,餐饮,餐厅
expense,蜀户,餐饮,餐厅
expense,吉牛旺鸭血面,餐饮,餐厅
expense,早餐店,餐饮,餐厅
expense,烧烤,餐饮,餐厅
expense,抄手,餐饮,餐厅
expense,米粉,餐饮,餐厅
expense,面包,餐饮,烘焙/咖啡
expense,上海东客面包,餐饮,烘焙/咖啡
expense,柒一拾壹,餐饮,便利店
expense,罗森,餐饮,便利店
expense,肯德基,餐饮,快餐
expense,美团平台商户,餐饮,外卖
expense,拉扎斯,餐饮,外卖
expense,北京三快,餐饮,外卖
expense,食堂记,餐饮,餐厅
expense,串串,餐饮,餐厅
expense,火锅,餐饮,餐厅
expense,烤肉,餐饮,餐厅
expense,烤鸭,餐饮,餐厅
expense,烤牛,餐饮,餐厅
expense,麻辣烫,餐饮,餐厅
expense,麻辣串,餐饮,餐厅
expense,钵钵鸡,餐饮,餐厅
expense,牛肉面,餐饮,餐厅
expense,燃面,餐饮,餐厅
expense,豌杂面,餐饮,餐厅
expense,荤豆花,餐饮,餐厅
expense,肥肠,餐饮,餐厅
expense,卤煮,餐饮,餐厅
expense,卤,餐饮,餐厅
expense,奶茶,餐饮,饮料/甜品
expense,糖水,餐饮,饮料/甜品
expense,酸奶,餐饮,饮料/甜品
expense,冰粉,餐饮,饮料/甜品
expense,好利来,餐饮,烘焙/咖啡
expense,锅盔,餐饮,小吃
expense,蛋烘糕,餐饮,小吃
expense,包子,餐饮,小吃
expense,小吃,餐饮,小吃
expense,餐饮,餐饮,餐厅
expense,饭店,餐饮,餐厅
expense,食堂,餐饮,餐厅
expense,父母食堂,餐饮,餐厅
expense,小馆,餐饮,餐厅
expense,面馆,餐饮,餐厅
expense,德克士,餐饮,快餐
expense,百胜,餐饮,快餐
expense,好多水果,餐饮,生鲜/水果
expense,鲜诚多果蔬,餐饮,生鲜/水果
expense,满彭菜场,餐饮,生鲜/水果
expense,生活馆,餐饮,生鲜/水果
expense,个体黄娜鲜鸡,餐饮,生鲜/水果
expense,水果店,餐饮,生鲜/水果
expense,京东商城,购物,网购
expense,拼多多,购物,网购
expense,格物致品,购物,网购
expense,迅销,购物,网购
expense,网银在线,购物,网购
expense,GLYNNA,购物,网购
expense,朵朵棉,购物,网购
expense,艾优儿,购物,网购
expense,欧莱雅,购物,美妆
expense,戴可思,购物,美妆
expense,安踏,购物,服装
expense,启东市亿任,购物,网购
expense,丰华烟酒,购物,烟酒
expense,国网四川省电力,居家,电费
expense,花样年.*物业,居家,物业费
expense,生活缴费,居家,生活缴费
expense,中国移动,通讯,手机话费
expense,中移动金融,通讯,手机话费
expense,华西第二医院,医疗,医院
expense,爱生健康,医疗,健康管理
expense,安琪儿妇产,医疗,医院
expense,街电,生活,共享充电
expense,怪兽充电,生活,共享充电
expense,哈啰,出行,共享单车/租车
expense,杭州哈行,出行,共享单车/租车
expense,永信智慧,生活,停车
expense,动幻网吧,娱乐,网吧
expense,哔哩哔哩,娱乐,视频/游戏
expense,miHoYo,娱乐,视频/游戏
expense,小红书,娱乐,社交
expense,电子票务,娱乐,门票
expense,公园,娱乐,门票
expense,华西第二医院,医疗,医院
expense,爱生健康,医疗,健康管理
expense,安琪儿妇产,医疗,医院
expense,省骨科医院,医疗,医院
expense,四川省骨科,医疗,医院
expense,高新区妇女儿童医院,医疗,医院
expense,高新区.*门诊,医疗,医院
expense,艾嘉综合门诊,医疗,医院
expense,华西妇幼,医疗,医院
expense,大药房,医疗,药店
expense,一心堂,医疗,药店
expense,药房,医疗,药店
expense,沃尔玛,购物,超市
expense,伊藤洋华堂,购物,超市
expense,宜享佳超市,购物,超市
expense,悠涵超市,购物,超市
expense,梓潼鲜雨汶超市,购物,超市
expense,百乐购超市,购物,超市
expense,都江堰市纽北超市,购物,超市
expense,见福便利,餐饮,便利店
expense,福满家便利,餐饮,便利店
expense,渣渣便利,餐饮,便利店
expense,看幸服饰,购物,服装
expense,义乌市苏润服饰,购物,服装
expense,义乌市奥珑针织,购物,服装
expense,胜道运动,购物,运动
expense,想成为美女的店,购物,服装
expense,MinMin小个子,购物,服装
expense,梦回千屿,购物,服装
expense,南通唯林舍,购物,服装
expense,南昌雪菲俪,购物,服装
expense,歌家贸易,购物,服装
expense,娅靖品牌,购物,服装
expense,相宜云商,购物,美妆
expense,福瑞达生物,购物,美妆
expense,远想生物,购物,美妆
expense,璞致岱玛,购物,美妆
expense,广东省蔬果园生物,购物,美妆
expense,一佳造型,购物,美发/美容
expense,朵朵棉,购物,母婴
expense,艾优儿,购物,母婴
expense,台州市黄岩皓诚婴童,购物,母婴
expense,惠民妇儿,购物,母婴
expense,童季科技,购物,母婴
expense,奥尔电气,购物,家电
expense,乐其网络,购物,数码
expense,长颈猫智能,购物,数码
expense,李琳电子,购物,数码
expense,傲域电子,购物,数码
expense,甄严选家具,购物,家居
expense,浙睿玩具,购物,玩具
expense,广州裕鼎隆酒业,购物,烟酒
expense,梓潼老庙黄金,购物,金饰
expense,金饰,购物,金饰
expense,晶通汇,居家,物业费
expense,左邻先生,居家,物业费
expense,永信智慧,居家,停车
expense,希望叠松旅游,出行,旅游
expense,旅游便利店,出行,旅游
expense,所见所得,娱乐,旅游/景点
expense,特约商户,其他,其他
expense,亚克西,购物,网购
expense,食品,餐饮,餐厅
expense,海鲜,餐饮,餐厅
expense,生鲜,餐饮,生鲜/水果
expense,菜场,餐饮,生鲜/水果
expense,超市,购物,超市
expense,便利店,餐饮,便利店
expense,啫火啫啫煲,餐饮,餐厅
expense,九锅一堂,餐饮,餐厅
expense,商户,其他,其他
expense,圆明园,娱乐,门票
expense,灵感之茶,餐饮,饮料/甜品
expense,掌门土豆,餐饮,餐厅
expense,全棉时代,购物,服装
expense,光耀盛达,购物,网购
expense,宇洁商贸,购物,网购
expense,爱达乐,餐饮,餐厅
expense,协盛隆,购物,超市
expense,快鱼连锁,餐饮,餐厅
expense,点心铺,餐饮,小吃
expense,厚文信龙食品,餐饮,餐厅
expense,焖烧,餐饮,餐厅
expense,回香园,餐饮,餐厅
expense,本物之味,餐饮,餐厅
expense,莫光头牛肉,餐饮,餐厅
expense,有红鸡毛店,餐饮,餐厅
expense,老花溪,餐饮,餐厅
expense,隆府,餐饮,餐厅
expense,民族团结.*羊肉串,餐饮,餐厅
expense,白果树,餐饮,生鲜/水果
expense,黑味美川藏黑猪,餐饮,生鲜/水果
expense,鲜牛肉,餐饮,生鲜/水果
expense,馅太野,餐饮,餐厅
expense,环保新零售,购物,其他
expense,西堂圣物,购物,其他
expense,西北杂粮筐,餐饮,餐厅
expense,喜识,购物,其他
expense,微信转账,转账,微信转账
expense,微信红包,转账,微信红包
expense,群收款,转账,微信转账
expense,扫二维码付款,餐饮,餐厅
expense,代销理财,理财,理财产品
expense,基金管理,理财,基金申购
expense,清算专户,理财,基金申购
expense,待清算电子交换汇差,转账,清算
expense,网联待清算,转账,清算
expense,银联快捷支付待清算,转账,清算
expense,支付宝（中国）网络技术有限公,购物,网购
expense,支付宝-消费,购物,网购
expense,912859040150089110,转账,清算
expense,存放同业－中登公司,理财,基金申购
income,待清算电子交换汇差,转账,清算
income,912859040150089110,转账,清算
expense,开放式基金朝朝盈申购款,理财,基金申购
expense,微信面对面收款,转账,微信转账
expense,微信零钱充值,转账,微信转账
expense,花小猪打车,出行,网约车
expense,嘀嗒出行,出行,网约车
expense,T3出行,出行,网约车
expense,美团支付,餐饮,外卖
expense,美团点评,餐饮,外卖
expense,信和置业,居家,物业费
expense,信和.*物业,居家,物业费
expense,翼支付,转账,转账
expense,财付通支付科技,转账,微信转账
expense,待清算信用卡资金,转账,清算
expense,直付通交易清算,转账,清算
expense,连连银通,转账,清算
expense,金控数据,转账,清算
income,宝付网络,理财,理财产品
income,民生新兴支付,转账,清算
income,汇付数据,理财,理财产品
expense,高新区木桑森林,餐饮,餐厅
expense,霸王豆花饭,餐饮,餐厅
expense,招牌口水鸡米饭,餐饮,餐厅
expense,东椒藤椒鸡饭,餐饮,餐厅
expense,不二家秘制粉蒸豆花饭,餐饮,餐厅
expense,来了寿司,餐饮,餐厅
expense,成都二胖胖饮品,餐饮,餐厅
expense,昌盛炸鸡,餐饮,餐厅
expense,麦谷轻食,餐饮,餐厅
expense,上海珍雨丽,购物,服装
expense,广州歆品汇服饰,购物,服装
expense,汕头市爱兰薇内衣,购物,服装
expense,宁波市盘雄贸易,购物,服装
income,埃森哲,工资,工资
income,招商基金管理,理财,基金赎回
income,开放式基金朝朝盈赎回,理财,基金赎回
income,深圳荷包金融,理财,理财产品
income,汇付数据代付,理财,理财产品
income,汇付商户,理财,理财产品
income,财付通,转账,微信转账
income,其他应收款-支付宝,转账,转账
income,杨新雨,转账,本人转账
income,微信红包,转账,微信红包
transfer,王珮雯,转账,家人转账
transfer,杨新雨,转账,本人转账
